time,epoch,type,loss,accuracy,precision,recall,f_score
1670258401.5850596,1,train,0.6840564012527466,0.5690680742263794,0.5385103769663779,0.5581549273132149,0.4639556706690963
1670258405.1337612,1,eval,0.6863695979118347,0.5571547746658325,0.48225826869209215,0.4864481792717087,0.42598844380558915
1670258408.8121033,1,eval,0.659238874912262,0.6761106848716736,0.5179266207645231,0.5814218254839848,0.47040138736717196
