time,epoch,type,loss,accuracy,precision,recall,f_score
1665760781.0582175,1,train,0.20227493895103532,0.9396781325340271,0.7476494176697572,0.7653960122583355,0.7531731205818578
1665760803.3321836,1,eval,0.2471643898349542,0.9007396697998047,0.6044078234358655,0.6130805949402592,0.595166652716994
1665761853.9799073,2,train,0.08815082553455389,0.95945805311203,0.8422690041360965,0.8329827246524186,0.8318016567366074
1665761876.3101814,2,eval,0.24939507744633235,0.9313806891441345,0.8354574739952388,0.7721379370769854,0.7773802613694609
1665762927.2837467,3,train,0.0731654196092278,0.9652736186981201,0.8672854385171547,0.8594035843871729,0.8587733408239567
1665762949.5704114,3,eval,0.25401436720903103,0.9393132925033569,0.8735243365112971,0.8130788609548055,0.8184840310873585
