time,epoch,type,loss,accuracy,precision,recall,f_score
1669717810.6962373,1,train,0.4597834331246708,nan,nan,nan,nan
1669717868.703829,1,eval,0.2673833962361773,0.9233657121658325,0.46168187114747544,0.5,0.4797008761248334
1669718416.6688943,2,train,0.3618802958162928,nan,nan,nan,nan
1669718474.6600032,2,eval,0.2231196406299598,0.9225159287452698,0.4650546659188974,0.5011316750240485,0.48157469269660497
