time,epoch,type,loss,accuracy,precision,recall,f_score
1670092884.726676,1,train,0.3297690206661353,0.856718122959137,0.4868355838341826,0.5262370064399672,0.49605475138335137
1670092923.110652,1,eval,0.1481016551875049,0.9362698793411255,0.6785521939001494,0.6791133666596549,0.6614034336083906
1670093637.9016986,2,train,0.13844881092039704,0.9457439184188843,0.8850185585074762,0.8677446718472543,0.8614524792002665
1670093676.320128,2,eval,0.13161366368550226,0.945719838142395,0.8100039531391523,0.8876704516117614,0.8208451014855681
