time,epoch,type,loss,accuracy,precision,recall,f_score
1665746951.588695,1,train,0.25502885391723185,0.899608314037323,0.6881402409935978,0.6983501421613404,0.6831329562896561
1665747078.9995525,1,eval,0.15672588462339318,0.9325128793716431,0.8484797279339199,0.8236598008950309,0.8238517120846816
1665748288.6498578,2,train,0.10780165326327336,0.9582666754722595,0.9166771741236055,0.9056009173284298,0.9039640280537625
1665748415.8301876,2,eval,0.1567394803538378,0.9344698786735535,0.8508551097120555,0.8284531513852095,0.828051404696644
1665749623.7766917,3,train,0.09356149565378451,0.9627221822738647,0.9257162876443927,0.9145833929467914,0.9137072348849041
1665749750.8964756,3,eval,0.1643535188580165,0.9335599541664124,0.8484362761310322,0.8294402863073002,0.8271320945596128
