time,epoch,type,loss,accuracy,precision,recall,f_score
1669636937.1471334,1,train,0.6679486632347107,0.5175551176071167,0.49040900301164747,0.4281248593655597,0.38631230988582527
1669637134.737467,1,train,0.6679486632347107,0.5175551176071167,0.49040900301164747,0.4281248593655597,0.38631230988582527
