time,epoch,type,loss,accuracy,precision,recall,f_score
1670953788.7898974,1,train,0.17273157089948654,0.125,0.125,0.125,0.125
time,epoch,type,loss,accuracy,precision,recall,f_score
1670953793.5221446,1,eval,0.0,0.0,0.06976744186046512,0.11627906976744186,0.0828719084533038
time,epoch,type,loss,accuracy,precision,recall,f_score
1670953810.0089128,1,eval,0.0,0.0,0.07158119658119659,0.08988603988603991,0.070336453669787
