time,epoch,type,loss,accuracy,precision,recall,f_score
1669639238.0130277,1,train,0.747859001159668,0.31521639227867126,0.475778172064601,0.44949756564694293,0.2708331918905445
1669641649.6212564,1,train,0.747859001159668,0.31521639227867126,0.475778172064601,0.44949756564694293,0.2708331918905445
1669641652.9440446,1,eval,0.6916751265525818,0.5544944405555725,0.5186935050384165,0.5227154682676084,0.4282036264439223
1669641668.218644,2,train,0.735419511795044,0.37659141421318054,0.4866602021167238,0.47122578944416693,0.31546507711474797
1669641672.2654426,2,eval,0.6872677803039551,0.5536037087440491,0.4894602905358054,0.4775867677369213,0.3976889037955214
