time,epoch,type,loss,accuracy,precision,recall,f_score
1670953734.2019756,1,train,0.17983968928456306,0.13750000298023224,0.090625,0.08541666666666665,0.07217261904761905
time,epoch,type,loss,accuracy,precision,recall,f_score
1670953748.7463605,1,eval,0.0,0.0,0.09799107142857144,0.12165178571428571,0.10551303854875285
time,epoch,type,loss,accuracy,precision,recall,f_score
1670953764.813733,1,eval,0.0,0.0,0.07407407407407407,0.0811965811965812,0.06767738434405102
